{
  "version": 0.6,
  "generator": "Overpass API 0.7.62.5 1bd436f1",
  "osm3s": {
    "timestamp_osm_base": "2025-04-19T08:57:54Z",
    "timestamp_areas_base": "2025-02-06T02:17:44Z",
    "copyright": "The data included in this document is from www.openstreetmap.org. The data is made available under ODbL."
  },
  "elements": [
    {
      "type": "node",
      "id": 596113445,
      "lat": 45.4025015,
      "lon": 9.1432559,
      "tags": {
        "highway": "elevator"
      }
    },
    {
      "type": "node",
      "id": 946196536,
      "lat": 45.4864107,
      "lon": 9.1433725,
      "tags": {
        "bicycle": "no",
        "highway": "elevator"
      }
    },
    {
      "type": "node",
      "id": 1890385243,
      "lat": 45.5142552,
      "lon": 9.2056077,
      "tags": {
        "highway": "elevator",
        "level": "0;-1",
        "name": "Bicocca",
        "railway": "subway_entrance",
        "wheelchair": "yes"
      }
    },
    {
      "type": "node",
      "id": 1894628494,
      "lat": 45.5217004,
      "lon": 9.1680424,
      "tags": {
        "highway": "elevator",
        "level": "0;-1",
        "name": "Affori FN",
        "railway": "train_station_entrance"
      }
    },
    {
      "type": "node",
      "id": 1965093088,
      "lat": 45.5284476,
      "lon": 9.1637947,
      "tags": {
        "highway": "elevator",
        "level": "0;-1",
        "name": "Comasina",
        "railway": "subway_entrance",
        "wheelchair": "yes"
      }
    },
    {
      "type": "node",
      "id": 1997327033,
      "lat": 45.4978641,
      "lon": 9.1850856,
      "tags": {
        "highway": "elevator",
        "level": "0;-1",
        "name": "Maciachini",
        "railway": "subway_entrance",
        "wheelchair": "yes"
      }
    },
    {
      "type": "node",
      "id": 2129506811,
      "lat": 45.4923247,
      "lon": 9.1928707,
      "tags": {
        "highway": "elevator",
        "level": "0;-1",
        "name": "Zara",
        "railway": "subway_entrance",
        "wheelchair": "yes"
      }
    },
    {
      "type": "node",
      "id": 2215133765,
      "lat": 45.5193406,
      "lon": 9.2782035,
      "tags": {
        "highway": "elevator",
        "level": "0;1"
      }
    },
    {
      "type": "node",
      "id": 2237572210,
      "lat": 45.5150591,
      "lon": 9.2121877,
      "tags": {
        "highway": "elevator"
      }
    },
    {
      "type": "node",
      "id": 2237572224,
      "lat": 45.5150855,
      "lon": 9.2120965,
      "tags": {
        "highway": "elevator"
      }
    },
    {
      "type": "node",
      "id": 2260268642,
      "lat": 45.4693942,
      "lon": 9.0334743,
      "tags": {
        "highway": "elevator",
        "indoor": "yes"
      }
    },
    {
      "type": "node",
      "id": 2260268666,
      "lat": 45.4694366,
      "lon": 9.0336387,
      "tags": {
        "highway": "elevator",
        "indoor": "yes"
      }
    },
    {
      "type": "node",
      "id": 2406966004,
      "lat": 45.4425666,
      "lon": 9.2189376,
      "tags": {
        "comment:en": "lift",
        "comment:it": "ascensore",
        "highway": "elevator",
        "layer": "0;-1",
        "name": "Brenta",
        "railway": "subway_entrance",
        "wheelchair": "yes"
      }
    },
    {
      "type": "node",
      "id": 2422591803,
      "lat": 45.5188083,
      "lon": 9.165823,
      "tags": {
        "access": "yes",
        "bicycle": "yes",
        "highway": "elevator",
        "level": "0;2",
        "wheelchair": "yes"
      }
    },
    {
      "type": "node",
      "id": 2772922163,
      "lat": 45.5135001,
      "lon": 9.1742554,
      "tags": {
        "highway": "elevator",
        "level": "0;-1",
        "name": "Affori Centro",
        "railway": "subway_entrance"
      }
    },
    {
      "type": "node",
      "id": 2869913466,
      "lat": 45.4818622,
      "lon": 9.1931006,
      "tags": {
        "highway": "elevator"
      }
    },
    {
      "type": "node",
      "id": 2869913467,
      "lat": 45.4826667,
      "lon": 9.192498,
      "tags": {
        "Level": "0,1",
        "highway": "elevator"
      }
    },
    {
      "type": "node",
      "id": 2883006771,
      "lat": 45.4817097,
      "lon": 9.1943329,
      "tags": {
        "highway": "elevator"
      }
    },
    {
      "type": "node",
      "id": 3179633594,
      "lat": 45.4639939,
      "lon": 9.18864,
      "tags": {
        "comment": "access possible for passengers using a valid ticket or a valid travel card",
        "highway": "elevator",
        "layer": "-1",
        "level": "-1",
        "name": "Duomo",
        "note": "lift"
      }
    },
    {
      "type": "node",
      "id": 3212684095,
      "lat": 45.4639941,
      "lon": 9.1886286,
      "tags": {
        "comment": "access only possible for passengers using a valid ticket or a valid travel card",
        "highway": "elevator",
        "layer": "-3",
        "level": "-3",
        "name": "Duomo",
        "note": "lift"
      }
    },
    {
      "type": "node",
      "id": 3212684098,
      "lat": 45.4639933,
      "lon": 9.1886165,
      "tags": {
        "comment": "access possible for passengers using a valid ticket or a valid travel card",
        "highway": "elevator",
        "layer": "-4",
        "level": "-4",
        "name": "Duomo",
        "note": "lift"
      }
    },
    {
      "type": "node",
      "id": 3216465548,
      "lat": 45.5216356,
      "lon": 9.16821,
      "tags": {
        "buildingpart:verticalpassage:floorrange": "-2;-1",
        "highway": "elevator",
        "note": "elevator (lift)"
      }
    },
    {
      "type": "node",
      "id": 3250664179,
      "lat": 45.5280502,
      "lon": 9.1636882,
      "tags": {
        "highway": "elevator",
        "layer": "-1;-2",
        "level": "-2;-1",
        "vway:highway": "footway",
        "wheelchair": "yes"
      }
    },
    {
      "type": "node",
      "id": 3250664181,
      "lat": 45.5280703,
      "lon": 9.1637764,
      "tags": {
        "highway": "elevator",
        "layer": "-1;-2",
        "level": "-2;-1",
        "vway:highway": "footway",
        "wheelchair": "yes"
      }
    },
    {
      "type": "node",
      "id": 3263986612,
      "lat": 45.4800353,
      "lon": 9.198938,
      "tags": {
        "highway": "elevator",
        "level": "0;-1",
        "name": "Repubblica",
        "railway": "subway_entrance"
      }
    },
    {
      "type": "node",
      "id": 3270282361,
      "lat": 45.5134472,
      "lon": 9.1737756,
      "tags": {
        "buildingpart:verticalpassage:floorrange": "-2;-1",
        "highway": "elevator",
        "note": "elevator (lift)"
      }
    },
    {
      "type": "node",
      "id": 3294641256,
      "lat": 45.5135418,
      "lon": 9.174203,
      "tags": {
        "buildingpart:verticalpassage:floorrange": "-2;-1",
        "highway": "elevator",
        "note": "elevator (lift)"
      }
    },
    {
      "type": "node",
      "id": 3485317599,
      "lat": 45.5453176,
      "lon": 9.1735404,
      "tags": {
        "highway": "elevator"
      }
    },
    {
      "type": "node",
      "id": 3485317608,
      "lat": 45.545449,
      "lon": 9.1739258,
      "tags": {
        "highway": "elevator"
      }
    },
    {
      "type": "node",
      "id": 3730571801,
      "lat": 45.4759132,
      "lon": 9.1284571,
      "tags": {
        "highway": "elevator",
        "name": "San Siro Ippodromo",
        "railway": "subway_entrance"
      }
    },
    {
      "type": "node",
      "id": 3731512070,
      "lat": 45.4930478,
      "lon": 9.1932728,
      "tags": {
        "highway": "elevator",
        "level": "0;-1",
        "name": "Zara",
        "railway": "subway_entrance"
      }
    },
    {
      "type": "node",
      "id": 3731512079,
      "lat": 45.4931297,
      "lon": 9.1929616,
      "tags": {
        "highway": "elevator",
        "level": "0;-1",
        "name": "Zara",
        "railway": "subway_entrance"
      }
    },
    {
      "type": "node",
      "id": 3791780900,
      "lat": 45.4778122,
      "lon": 9.156709,
      "tags": {
        "highway": "elevator"
      }
    },
    {
      "type": "node",
      "id": 3877021474,
      "lat": 45.4783101,
      "lon": 9.1569305,
      "tags": {
        "highway": "elevator"
      }
    },
    {
      "type": "node",
      "id": 3935597014,
      "lat": 45.5013166,
      "lon": 9.1982967,
      "tags": {
        "highway": "elevator",
        "level": "0;-1",
        "name": "Istria",
        "railway": "subway_entrance",
        "wheelchair": "yes"
      }
    },
    {
      "type": "node",
      "id": 4198482903,
      "lat": 45.4845787,
      "lon": 9.1671475,
      "tags": {
        "comment": "ascensore",
        "highway": "elevator",
        "level": "0;-1",
        "name": "Gerusalemme",
        "railway": "subway_entrance",
        "wheelchair": "yes"
      }
    },
    {
      "type": "node",
      "id": 4304781662,
      "lat": 45.4836596,
      "lon": 9.1888174,
      "tags": {
        "highway": "elevator"
      }
    },
    {
      "type": "node",
      "id": 4895439272,
      "lat": 45.4854619,
      "lon": 9.1809385,
      "tags": {
        "highway": "elevator",
        "level": "0;-1",
        "name": "Monumentale",
        "railway": "subway_entrance"
      }
    },
    {
      "type": "node",
      "id": 5067112193,
      "lat": 45.470119,
      "lon": 9.1925115,
      "tags": {
        "comment": "access only possible for passengers using a valid ticket or a valid travel card",
        "highway": "elevator",
        "layer": "-1",
        "level": "-1;-2;-3",
        "name": "Montenapoleone",
        "note": "lift"
      }
    },
    {
      "type": "node",
      "id": 5067118616,
      "lat": 45.4703195,
      "lon": 9.1925939,
      "tags": {
        "comment": "access only possible when the underground station is open",
        "highway": "elevator",
        "level": "0;-1",
        "name": "Montenapoleone",
        "note": "lift"
      }
    },
    {
      "type": "node",
      "id": 5132911112,
      "lat": 45.4751086,
      "lon": 9.2096622,
      "tags": {
        "highway": "elevator",
        "level": "0;-1",
        "name": "Milano Porta Venezia",
        "railway": "subway_entrance"
      }
    },
    {
      "type": "node",
      "id": 5415271375,
      "lat": 45.5477624,
      "lon": 9.1739251,
      "tags": {
        "access": "no",
        "highway": "elevator"
      }
    },
    {
      "type": "node",
      "id": 5415271390,
      "lat": 45.5477157,
      "lon": 9.1733495,
      "tags": {
        "access": "no",
        "highway": "elevator"
      }
    },
    {
      "type": "node",
      "id": 5423201495,
      "lat": 45.4958705,
      "lon": 9.2884279,
      "tags": {
        "highway": "elevator"
      }
    },
    {
      "type": "node",
      "id": 5423201498,
      "lat": 45.4961543,
      "lon": 9.2882111,
      "tags": {
        "access": "yes",
        "highway": "elevator"
      }
    },
    {
      "type": "node",
      "id": 5685971935,
      "lat": 45.4645724,
      "lon": 9.2371167,
      "tags": {
        "access": "yes",
        "highway": "elevator",
        "indoor": "elevator",
        "level": "0;1",
        "operator": "RFI"
      }
    },
    {
      "type": "node",
      "id": 5685971936,
      "lat": 45.4645546,
      "lon": 9.236932,
      "tags": {
        "access": "yes",
        "highway": "elevator",
        "indoor": "elevator",
        "level": "0;1",
        "operator": "RFI"
      }
    },
    {
      "type": "node",
      "id": 5685971939,
      "lat": 45.4645309,
      "lon": 9.2366865,
      "tags": {
        "access": "yes",
        "highway": "elevator",
        "indoor": "elevator",
        "level": "0;1",
        "operator": "RFI"
      }
    },
    {
      "type": "node",
      "id": 5686133154,
      "lat": 45.4819802,
      "lon": 9.1925509,
      "tags": {
        "bicycle": "yes",
        "highway": "elevator"
      }
    },
    {
      "type": "node",
      "id": 5753901470,
      "lat": 45.5334714,
      "lon": 9.1328316,
      "tags": {
        "access": "yes",
        "elevator": "yes",
        "highway": "elevator",
        "level": "-1;0",
        "vway:highway": "footway"
      }
    },
    {
      "type": "node",
      "id": 5753901471,
      "lat": 45.5329513,
      "lon": 9.1325798,
      "tags": {
        "access": "yes",
        "highway": "elevator",
        "level": "-1;0",
        "vway:highway": "footway"
      }
    },
    {
      "type": "node",
      "id": 5753901478,
      "lat": 45.5332328,
      "lon": 9.1328119,
      "tags": {
        "access": "yes",
        "highway": "elevator",
        "level": "-1;0",
        "vway:highway": "footway"
      }
    },
    {
      "type": "node",
      "id": 5781144803,
      "lat": 45.4655555,
      "lon": 9.1943349,
      "tags": {
        "highway": "elevator"
      }
    },
    {
      "type": "node",
      "id": 5926105704,
      "lat": 45.4800045,
      "lon": 9.2298007,
      "tags": {
        "highway": "elevator",
        "level": "1",
        "wheelchair": "yes"
      }
    },
    {
      "type": "node",
      "id": 6353132591,
      "lat": 45.4599071,
      "lon": 9.2235589,
      "tags": {
        "highway": "elevator",
        "name": "Milano Porta Vittoria",
        "railway": "train_station_entrance"
      }
    },
    {
      "type": "node",
      "id": 6409812659,
      "lat": 45.4370972,
      "lon": 9.2305622,
      "tags": {
        "highway": "elevator",
        "level": "0;-1",
        "name": "Porto di Mare",
        "railway": "subway_entrance"
      }
    },
    {
      "type": "node",
      "id": 6411606526,
      "lat": 45.4403927,
      "lon": 9.2239036,
      "tags": {
        "highway": "elevator",
        "level": "0;-1",
        "name": "Corvetto",
        "railway": "subway_entrance"
      }
    },
    {
      "type": "node",
      "id": 6804135781,
      "lat": 45.4440384,
      "lon": 9.2035027,
      "tags": {
        "highway": "elevator"
      }
    },
    {
      "type": "node",
      "id": 7141687527,
      "lat": 45.5055745,
      "lon": 9.1796898,
      "tags": {
        "access": "customers",
        "goods": "no",
        "highway": "elevator",
        "level": "-2;-1",
        "wheelchair": "yes"
      }
    },
    {
      "type": "node",
      "id": 7141687530,
      "lat": 45.5055149,
      "lon": 9.1794481,
      "tags": {
        "highway": "elevator",
        "level": "-2;-1"
      }
    },
    {
      "type": "node",
      "id": 7141687533,
      "lat": 45.5055389,
      "lon": 9.1798578,
      "tags": {
        "access": "yes",
        "fee": "no",
        "goods": "no",
        "highway": "elevator",
        "level": "0;-1",
        "name": "Dergano",
        "railway": "subway_entrance",
        "wheelchair": "yes"
      }
    },
    {
      "type": "node",
      "id": 7443944000,
      "lat": 45.4764346,
      "lon": 9.1181146,
      "tags": {
        "highway": "elevator",
        "level": "0;-1",
        "name": "San Siro Stadio",
        "railway": "subway_entrance"
      }
    },
    {
      "type": "node",
      "id": 7817931793,
      "lat": 45.5186836,
      "lon": 9.1661351,
      "tags": {
        "access": "yes",
        "bicycle": "yes",
        "highway": "elevator",
        "level": "0;2",
        "wheelchair": "yes"
      }
    },
    {
      "type": "node",
      "id": 7992465384,
      "lat": 45.507547,
      "lon": 9.2007383,
      "tags": {
        "highway": "elevator",
        "name": "Ca Granda",
        "railway": "subway_entrance",
        "surveillance": "outdoor",
        "wheelchair": "designated"
      }
    },
    {
      "type": "node",
      "id": 8010543299,
      "lat": 45.4857158,
      "lon": 9.2374436,
      "tags": {
        "highway": "elevator",
        "level": "0;1"
      }
    },
    {
      "type": "node",
      "id": 8010543301,
      "lat": 45.4851532,
      "lon": 9.2365177,
      "tags": {
        "fixme": "Does this elevator go to level -1?",
        "highway": "elevator",
        "level": "-1;0;1;2",
        "name": "Lambrate FS",
        "railway": "train_station_entrance",
        "wheelchair": "yes"
      }
    },
    {
      "type": "node",
      "id": 8541582809,
      "lat": 45.5453516,
      "lon": 9.1736675,
      "tags": {
        "highway": "elevator"
      }
    },
    {
      "type": "node",
      "id": 8749274769,
      "lat": 45.491512,
      "lon": 9.2687749,
      "tags": {
        "access": "yes",
        "highway": "elevator",
        "level": "0;1",
        "wheelchair": "yes"
      }
    },
    {
      "type": "node",
      "id": 8749274770,
      "lat": 45.490948,
      "lon": 9.2687905,
      "tags": {
        "access": "yes",
        "highway": "elevator",
        "level": "0;1",
        "wheelchair": "yes"
      }
    },
    {
      "type": "node",
      "id": 8785473044,
      "lat": 45.5212893,
      "lon": 9.1674836,
      "tags": {
        "highway": "elevator",
        "level": "-1;0"
      }
    },
    {
      "type": "node",
      "id": 8785473045,
      "lat": 45.5213368,
      "lon": 9.1673113,
      "tags": {
        "highway": "elevator",
        "level": "-1;0"
      }
    },
    {
      "type": "node",
      "id": 8985984012,
      "lat": 45.4551693,
      "lon": 9.1134526,
      "tags": {
        "highway": "elevator",
        "level": "0;-1",
        "name": "Bisceglie",
        "railway": "subway_entrance"
      }
    },
    {
      "type": "node",
      "id": 8993592306,
      "lat": 45.4760617,
      "lon": 9.1183399,
      "tags": {
        "highway": "elevator",
        "level": "0;-1",
        "name": "San Siro Stadio",
        "railway": "subway_entrance"
      }
    },
    {
      "type": "node",
      "id": 8995764095,
      "lat": 45.4762839,
      "lon": 9.1290868,
      "tags": {
        "highway": "elevator",
        "level": "0;-1",
        "name": "San Siro Ippodromo",
        "railway": "subway_entrance"
      }
    },
    {
      "type": "node",
      "id": 9062912015,
      "lat": 45.4877257,
      "lon": 9.1725718,
      "tags": {
        "highway": "elevator",
        "level": "0;-1",
        "name": "Cenisio",
        "railway": "subway_entrance"
      }
    },
    {
      "type": "node",
      "id": 9100409942,
      "lat": 45.5205553,
      "lon": 9.0876423,
      "tags": {
        "highway": "elevator"
      }
    },
    {
      "type": "node",
      "id": 9101538870,
      "lat": 45.4747328,
      "lon": 9.1942842,
      "tags": {
        "highway": "elevator",
        "name": "Turati",
        "railway": "subway_entrance",
        "wheelchair": "yes"
      }
    },
    {
      "type": "node",
      "id": 9101840596,
      "lat": 45.4856699,
      "lon": 9.2372259,
      "tags": {
        "highway": "elevator",
        "level": "1;2"
      }
    },
    {
      "type": "node",
      "id": 9101840597,
      "lat": 45.4856062,
      "lon": 9.2370696,
      "tags": {
        "highway": "elevator",
        "level": "1;2"
      }
    },
    {
      "type": "node",
      "id": 9101840598,
      "lat": 45.4855476,
      "lon": 9.2369248,
      "tags": {
        "highway": "elevator",
        "level": "1;2"
      }
    },
    {
      "type": "node",
      "id": 9101840599,
      "lat": 45.4854875,
      "lon": 9.2367759,
      "tags": {
        "highway": "elevator",
        "level": "1;2"
      }
    },
    {
      "type": "node",
      "id": 9101840600,
      "lat": 45.4854263,
      "lon": 9.2366277,
      "tags": {
        "highway": "elevator",
        "level": "1;2"
      }
    },
    {
      "type": "node",
      "id": 9511343539,
      "lat": 45.4590662,
      "lon": 9.2243082,
      "tags": {
        "highway": "elevator",
        "name": "Milano Porta Vittoria",
        "railway": "train_station_entrance"
      }
    },
    {
      "type": "node",
      "id": 9623477006,
      "lat": 45.4648485,
      "lon": 9.1892874,
      "tags": {
        "comment": "access possible only when the underground station is open",
        "fixme": "Position estimated",
        "highway": "elevator",
        "level": "0;-1",
        "name": "Duomo",
        "note": "lift",
        "railway": "subway_entrance",
        "wheelchair": "yes"
      }
    },
    {
      "type": "node",
      "id": 9668328867,
      "lat": 45.4701116,
      "lon": 9.1925271,
      "tags": {
        "comment": "access only possible for passengers using a valid ticket or a valid travel card",
        "highway": "elevator",
        "layer": "-1",
        "level": "-1;-2;-3",
        "name": "Montenapoleone",
        "note": "lift"
      }
    },
    {
      "type": "node",
      "id": 9700200535,
      "lat": 45.5012379,
      "lon": 9.1015586,
      "tags": {
        "access": "customers",
        "highway": "elevator",
        "indoor": "yes",
        "level": "0;-1",
        "wheelchair": "yes"
      }
    },
    {
      "type": "node",
      "id": 9700200538,
      "lat": 45.5011223,
      "lon": 9.1014245,
      "tags": {
        "access": "customers",
        "highway": "elevator",
        "indoor": "yes",
        "level": "0;-1",
        "wheelchair": "yes"
      }
    },
    {
      "type": "node",
      "id": 9732037815,
      "lat": 45.4055779,
      "lon": 9.1309253,
      "tags": {
        "access": "customers",
        "highway": "elevator",
        "level": "0;1",
        "wheelchair": "yes"
      }
    },
    {
      "type": "node",
      "id": 9887503507,
      "lat": 45.4433524,
      "lon": 9.1678534,
      "tags": {
        "highway": "elevator",
        "layer": "0;-1",
        "name": "Romolo",
        "railway": "subway_entrance",
        "wheelchair": "yes"
      }
    },
    {
      "type": "node",
      "id": 9887508341,
      "lat": 45.4431902,
      "lon": 9.1678518,
      "tags": {
        "highway": "elevator",
        "name": "Romolo",
        "railway": "subway_entrance",
        "wheelchair": "yes"
      }
    },
    {
      "type": "node",
      "id": 9901437767,
      "lat": 45.4515437,
      "lon": 9.2030098,
      "tags": {
        "Level": "0,-1",
        "highway": "elevator",
        "name": "Porta Romana",
        "railway": "subway_entrance",
        "wheelchair": "yes"
      }
    },
    {
      "type": "node",
      "id": 10247420936,
      "lat": 45.4438305,
      "lon": 9.1848255,
      "tags": {
        "highway": "elevator",
        "layer": "1",
        "level": "0;1",
        "name": "Milano Tibaldi",
        "railway": "train_station_entrance"
      }
    },
    {
      "type": "node",
      "id": 10249440994,
      "lat": 45.4445837,
      "lon": 9.1873196,
      "tags": {
        "highway": "elevator",
        "level": "0;1",
        "name": "Milano Tibaldi",
        "railway": "train_station_entrance"
      }
    },
    {
      "type": "node",
      "id": 10249440998,
      "lat": 45.4447011,
      "lon": 9.1872627,
      "tags": {
        "highway": "elevator",
        "layer": "1",
        "level": "0;1",
        "name": "Milano Tibaldi",
        "railway": "train_station_entrance"
      }
    },
    {
      "type": "node",
      "id": 10249441008,
      "lat": 45.444094,
      "lon": 9.1849234,
      "tags": {
        "highway": "elevator",
        "level": "0;1",
        "name": "Milano Tibaldi",
        "railway": "train_station_entrance"
      }
    },
    {
      "type": "node",
      "id": 10313754874,
      "lat": 45.4646964,
      "lon": 9.1896577,
      "tags": {
        "comment": "access possible for passengers using a valid ticket or a valid travel card",
        "fee": "yes",
        "highway": "elevator",
        "layer": "-1",
        "level": "-1;-2",
        "name": "Duomo",
        "note": "lift"
      }
    },
    {
      "type": "node",
      "id": 10313758901,
      "lat": 45.4617458,
      "lon": 9.2404624,
      "tags": {
        "access": "yes",
        "highway": "elevator",
        "level": "0;-1",
        "name": "Repetti",
        "operator": "ATM",
        "railway": "subway_entrance"
      }
    },
    {
      "type": "node",
      "id": 10540401026,
      "lat": 45.4645823,
      "lon": 9.1896543,
      "tags": {
        "comment": "access possible for passengers using a valid ticket or a valid travel card",
        "highway": "elevator",
        "layer": "-1",
        "level": "-1;-2",
        "name": "Duomo",
        "note": "lift"
      }
    },
    {
      "type": "node",
      "id": 10581167769,
      "lat": 45.4867792,
      "lon": 9.1476374,
      "tags": {
        "highway": "elevator"
      }
    },
    {
      "type": "node",
      "id": 10723315432,
      "lat": 45.4676459,
      "lon": 9.2256067,
      "tags": {
        "access": "yes",
        "highway": "elevator",
        "level": "-1;0",
        "name": "Susa",
        "operator": "ATM",
        "railway": "subway_entrance"
      }
    },
    {
      "type": "node",
      "id": 10790509506,
      "lat": 45.4850892,
      "lon": 9.1814026,
      "tags": {
        "highway": "elevator",
        "level": "0;-1",
        "name": "Monumentale",
        "railway": "subway_entrance"
      }
    },
    {
      "type": "node",
      "id": 10790511115,
      "lat": 45.4815025,
      "lon": 9.1505881,
      "tags": {
        "highway": "elevator",
        "level": "0;-1",
        "name": "Portello",
        "railway": "subway_entrance"
      }
    },
    {
      "type": "node",
      "id": 10790511118,
      "lat": 45.4782504,
      "lon": 9.1448109,
      "tags": {
        "highway": "elevator",
        "level": "0;-1",
        "name": "Lotto",
        "railway": "subway_entrance",
        "wheelchair": "yes"
      }
    },
    {
      "type": "node",
      "id": 10801638408,
      "lat": 45.4469138,
      "lon": 9.2103473,
      "tags": {
        "highway": "elevator",
        "layer": "0;-1",
        "name": "Lodi TIBB",
        "railway": "subway_entrance",
        "wheelchair": "yes"
      }
    },
    {
      "type": "node",
      "id": 10807023212,
      "lat": 45.4298663,
      "lon": 9.1783291,
      "tags": {
        "highway": "elevator",
        "name": "Abbiategrasso",
        "railway": "subway_entrance"
      }
    },
    {
      "type": "node",
      "id": 10839918310,
      "lat": 45.4848852,
      "lon": 9.2032881,
      "tags": {
        "highway": "elevator",
        "level": "0;-1",
        "name": "Centrale FS",
        "railway": "subway_entrance",
        "wheelchair": "yes"
      }
    },
    {
      "type": "node",
      "id": 10839918321,
      "lat": 45.4761615,
      "lon": 9.1375046,
      "tags": {
        "highway": "elevator",
        "level": "0;-1",
        "name": "Segesta",
        "railway": "subway_entrance"
      }
    },
    {
      "type": "node",
      "id": 10839919905,
      "lat": 45.4870157,
      "lon": 9.1913255,
      "tags": {
        "highway": "elevator",
        "name": "Isola",
        "railway": "subway_entrance",
        "wheelchair": "yes"
      }
    },
    {
      "type": "node",
      "id": 10846681108,
      "lat": 45.5217152,
      "lon": 9.2097482,
      "tags": {
        "highway": "elevator",
        "level": "0;-1",
        "name": "Ponale",
        "railway": "subway_entrance"
      }
    },
    {
      "type": "node",
      "id": 10846681909,
      "lat": 45.5266871,
      "lon": 9.212354,
      "tags": {
        "highway": "elevator",
        "level": "0;-1",
        "name": "Bignami",
        "railway": "subway_entrance",
        "wheelchair": "yes"
      }
    },
    {
      "type": "node",
      "id": 10853039705,
      "lat": 45.4680401,
      "lon": 9.2181234,
      "tags": {
        "highway": "elevator",
        "name": "Dateo",
        "wheelchair": "yes"
      }
    },
    {
      "type": "node",
      "id": 10853039806,
      "lat": 45.456009,
      "lon": 9.195678,
      "tags": {
        "highway": "elevator",
        "level": "0;-1",
        "name": "Crocetta",
        "railway": "subway_entrance",
        "wheelchair": "yes"
      }
    },
    {
      "type": "node",
      "id": 10890374206,
      "lat": 45.4945181,
      "lon": 9.1764057,
      "tags": {
        "highway": "elevator",
        "name": "Milano Lancetti",
        "railway": "train_station_entrance"
      }
    },
    {
      "type": "node",
      "id": 10898454608,
      "lat": 45.4647091,
      "lon": 9.2364093,
      "tags": {
        "access": "yes",
        "highway": "elevator",
        "level": "0;-1",
        "name": "Forlanini",
        "operator": "ATM",
        "railway": "subway_entrance"
      }
    },
    {
      "type": "node",
      "id": 10908301673,
      "lat": 45.4964112,
      "lon": 9.1954902,
      "tags": {
        "highway": "elevator",
        "level": "0;-1",
        "name": "Marche",
        "railway": "subway_entrance",
        "wheelchair": "yes"
      }
    },
    {
      "type": "node",
      "id": 10919457437,
      "lat": 45.4836871,
      "lon": 9.1407951,
      "tags": {
        "highway": "elevator",
        "wheelchair": "yes"
      }
    },
    {
      "type": "node",
      "id": 10921354126,
      "lat": 45.4815811,
      "lon": 9.1624609,
      "tags": {
        "highway": "elevator",
        "level": "0;-1",
        "name": "Domodossola",
        "railway": "subway_entrance"
      }
    },
    {
      "type": "node",
      "id": 10931657107,
      "lat": 45.4751232,
      "lon": 9.2096738,
      "tags": {
        "highway": "elevator",
        "level": "0;-1",
        "name": "Milano Porta Venezia",
        "railway": "subway_entrance"
      }
    },
    {
      "type": "node",
      "id": 10931657205,
      "lat": 45.4661251,
      "lon": 9.1978454,
      "tags": {
        "comment:it": "ascensore che collega solo il livello barriera biglietti di M4 con il livello stradale (non consente il collegamento tra M1 ed M4 o tra strada e M1)",
        "highway": "elevator",
        "level": "-2;0",
        "name": "San Babila",
        "railway": "subway_entrance"
      }
    },
    {
      "type": "node",
      "id": 10940062425,
      "lat": 45.4366227,
      "lon": 9.1682635,
      "tags": {
        "highway": "elevator",
        "level": "0;-1"
      }
    },
    {
      "type": "node",
      "id": 10940234342,
      "lat": 45.4333623,
      "lon": 9.2384961,
      "tags": {
        "highway": "elevator",
        "level": "0;-1",
        "name": "Rogoredo FS",
        "railway": "subway_entrance"
      }
    },
    {
      "type": "node",
      "id": 10942878659,
      "lat": 45.4676914,
      "lon": 9.2075553,
      "tags": {
        "access": "yes",
        "highway": "elevator",
        "level": "-1;0",
        "name": "Tricolore",
        "operator": "ATM",
        "railway": "subway_entrance"
      }
    },
    {
      "type": "node",
      "id": 10944292510,
      "lat": 45.4599235,
      "lon": 9.1901275,
      "tags": {
        "highway": "elevator",
        "level": "0;-1",
        "name": "Missori",
        "railway": "subway_entrance"
      }
    },
    {
      "type": "node",
      "id": 11064574562,
      "lat": 45.4661154,
      "lon": 9.1978448,
      "tags": {
        "comment:it": "ascensore che collega il livello barriera biglietti di M4, il livello barriera biglietti di M1 ed il livello stradale (consente il trasferimento tra M1 ed M4 e consente l'accesso da livello strada ad M1 e l'accesso da livello strada a M4)",
        "highway": "elevator",
        "level": "-2;-1;0",
        "name": "San Babila",
        "railway": "subway_entrance"
      }
    },
    {
      "type": "node",
      "id": 11638913895,
      "lat": 45.4585781,
      "lon": 9.1940757,
      "tags": {
        "access": "yes",
        "highway": "elevator",
        "level": "-1;0",
        "name": "Sforza Policlinico",
        "operator": "ATM",
        "railway": "subway_entrance",
        "wheelchair": "yes"
      }
    },
    {
      "type": "node",
      "id": 11889079862,
      "lat": 45.4843446,
      "lon": 9.2151669,
      "tags": {
        "highway": "elevator"
      }
    },
    {
      "type": "node",
      "id": 11889128178,
      "lat": 45.4799386,
      "lon": 9.1444301,
      "tags": {
        "highway": "elevator",
        "layer": "0,-1",
        "name": "Lotto"
      }
    },
    {
      "type": "node",
      "id": 11889185598,
      "lat": 45.508916,
      "lon": 9.0855043,
      "tags": {
        "highway": "elevator"
      }
    },
    {
      "type": "node",
      "id": 11889239102,
      "lat": 45.4017966,
      "lon": 9.1456464,
      "tags": {
        "highway": "elevator"
      }
    },
    {
      "type": "node",
      "id": 11889255876,
      "lat": 45.4895263,
      "lon": 9.2006937,
      "tags": {
        "highway": "elevator",
        "subway": "entrance"
      }
    },
    {
      "type": "node",
      "id": 11958568144,
      "lat": 45.5288227,
      "lon": 9.1713108,
      "tags": {
        "highway": "elevator",
        "level": "0;1"
      }
    },
    {
      "type": "node",
      "id": 11958568169,
      "lat": 45.5288189,
      "lon": 9.1717279,
      "tags": {
        "highway": "elevator",
        "level": "0;1"
      }
    },
    {
      "type": "node",
      "id": 11958568270,
      "lat": 45.5337439,
      "lon": 9.1727384,
      "tags": {
        "highway": "elevator",
        "level": "0;1"
      }
    },
    {
      "type": "node",
      "id": 11958568271,
      "lat": 45.533735,
      "lon": 9.1729151,
      "tags": {
        "highway": "elevator",
        "level": "0;1"
      }
    },
    {
      "type": "node",
      "id": 11958568275,
      "lat": 45.5337243,
      "lon": 9.173271,
      "tags": {
        "highway": "elevator",
        "level": "0;1"
      }
    },
    {
      "type": "node",
      "id": 11958568282,
      "lat": 45.533764,
      "lon": 9.1723693,
      "tags": {
        "highway": "elevator",
        "level": "0;1"
      }
    },
    {
      "type": "node",
      "id": 12147762296,
      "lat": 45.4783539,
      "lon": 9.2466498,
      "tags": {
        "highway": "elevator"
      }
    },
    {
      "type": "node",
      "id": 12246280268,
      "lat": 45.4565207,
      "lon": 9.1888815,
      "tags": {
        "highway": "elevator",
        "name": "Santa Sofia",
        "railway": "subway_entrance"
      }
    },
    {
      "type": "node",
      "id": 12246280269,
      "lat": 45.4565104,
      "lon": 9.1888454,
      "tags": {
        "highway": "elevator",
        "name": "Santa Sofia",
        "railway": "subway_entrance"
      }
    },
    {
      "type": "node",
      "id": 12246280282,
      "lat": 45.4571089,
      "lon": 9.1829178,
      "tags": {
        "highway": "elevator",
        "name": "Vetra",
        "railway": "subway_entrance"
      }
    },
    {
      "type": "node",
      "id": 12246292111,
      "lat": 45.4587475,
      "lon": 9.177493,
      "tags": {
        "highway": "elevator",
        "name": "De Amicis",
        "railway": "subway_entrance",
        "wheelchair": "yes"
      }
    },
    {
      "type": "node",
      "id": 12246292145,
      "lat": 45.4626711,
      "lon": 9.1724788,
      "tags": {
        "highway": "elevator"
      }
    },
    {
      "type": "node",
      "id": 12282064384,
      "lat": 45.4360026,
      "lon": 9.1089061,
      "tags": {
        "highway": "elevator",
        "level": "0;-1",
        "wheelchair": "yes"
      }
    },
    {
      "type": "node",
      "id": 12282064385,
      "lat": 45.4358198,
      "lon": 9.109018,
      "tags": {
        "highway": "elevator",
        "level": "0;-1",
        "wheelchair": "yes"
      }
    },
    {
      "type": "node",
      "id": 12320473848,
      "lat": 45.4797096,
      "lon": 9.2461336,
      "tags": {
        "highway": "elevator"
      }
    },
    {
      "type": "node",
      "id": 12351280741,
      "lat": 45.4975875,
      "lon": 9.2234399,
      "tags": {
        "highway": "elevator"
      }
    },
    {
      "type": "node",
      "id": 12361189639,
      "lat": 45.4012782,
      "lon": 9.147484,
      "tags": {
        "highway": "elevator"
      }
    },
    {
      "type": "node",
      "id": 12394732410,
      "lat": 45.5219628,
      "lon": 9.0887112,
      "tags": {
        "fee": "no",
        "highway": "elevator",
        "wheelchair": "yes"
      }
    },
    {
      "type": "node",
      "id": 12524101007,
      "lat": 45.5111333,
      "lon": 9.1871197,
      "tags": {
        "access": "yes",
        "bicycle": "no",
        "capacity:persons": "26",
        "fee": "no",
        "goods": "no",
        "highway": "elevator",
        "indoor": "yes",
        "level": "0",
        "maxweight": "2",
        "wheelchair": "yes"
      }
    },
    {
      "type": "node",
      "id": 12524101008,
      "lat": 45.5111162,
      "lon": 9.1870231,
      "tags": {
        "access": "yes",
        "bicycle": "no",
        "capacity:persons": "12",
        "fee": "no",
        "goods": "no",
        "highway": "elevator",
        "indoor": "yes",
        "level": "0",
        "maxweight": "0.9",
        "wheelchair": "yes"
      }
    },
    {
      "type": "node",
      "id": 12524101009,
      "lat": 45.5111153,
      "lon": 9.1871096,
      "tags": {
        "access": "yes",
        "bicycle": "no",
        "capacity:persons": "26",
        "fee": "no",
        "goods": "no",
        "highway": "elevator",
        "indoor": "yes",
        "level": "0",
        "maxweight": "2",
        "wheelchair": "yes"
      }
    },
    {
      "type": "node",
      "id": 12526394679,
      "lat": 45.5110746,
      "lon": 9.1880293,
      "tags": {
        "access": "yes",
        "bicycle": "no",
        "capacity:persons": "12",
        "fee": "no",
        "goods": "no",
        "highway": "elevator",
        "indoor": "yes",
        "level": "0",
        "maxweight": "0.9",
        "wheelchair": "yes"
      }
    },
    {
      "type": "node",
      "id": 12526394682,
      "lat": 45.5107929,
      "lon": 9.1884953,
      "tags": {
        "access": "yes",
        "bicycle": "no",
        "capacity:persons": "12",
        "fee": "no",
        "goods": "no",
        "highway": "elevator",
        "indoor": "yes",
        "level": "0",
        "maxweight": "0.9",
        "wheelchair": "yes"
      }
    },
    {
      "type": "node",
      "id": 12526394683,
      "lat": 45.5111114,
      "lon": 9.1870378,
      "tags": {
        "access": "yes",
        "bicycle": "no",
        "capacity:persons": "12",
        "fee": "no",
        "goods": "no",
        "highway": "elevator",
        "indoor": "yes",
        "level": "0",
        "maxweight": "0.9",
        "wheelchair": "yes"
      }
    },
    {
      "type": "node",
      "id": 12526394684,
      "lat": 45.5111082,
      "lon": 9.1870507,
      "tags": {
        "access": "yes",
        "bicycle": "no",
        "capacity:persons": "12",
        "fee": "no",
        "goods": "no",
        "highway": "elevator",
        "indoor": "yes",
        "level": "0",
        "maxweight": "0.9",
        "wheelchair": "yes"
      }
    },
    {
      "type": "node",
      "id": 12526394687,
      "lat": 45.5111235,
      "lon": 9.1880528,
      "tags": {
        "access": "yes",
        "bicycle": "no",
        "capacity:persons": "12",
        "fee": "no",
        "goods": "no",
        "highway": "elevator",
        "indoor": "yes",
        "level": "0",
        "maxweight": "0.9",
        "wheelchair": "yes"
      }
    },
    {
      "type": "node",
      "id": 12526394689,
      "lat": 45.5107652,
      "lon": 9.1884869,
      "tags": {
        "access": "yes",
        "bicycle": "no",
        "capacity:persons": "12",
        "fee": "no",
        "goods": "no",
        "highway": "elevator",
        "indoor": "yes",
        "level": "0",
        "maxweight": "0.9",
        "wheelchair": "yes"
      }
    },
    {
      "type": "node",
      "id": 12526528987,
      "lat": 45.5111482,
      "lon": 9.1875529,
      "tags": {
        "access": "yes",
        "bicycle": "no",
        "capacity:persons": "12",
        "fee": "no",
        "goods": "no",
        "highway": "elevator",
        "indoor": "yes",
        "level": "0",
        "maxweight": "0.9",
        "wheelchair": "yes"
      }
    },
    {
      "type": "node",
      "id": 12531410910,
      "lat": 45.5113239,
      "lon": 9.1871623,
      "tags": {
        "access": "yes",
        "bicycle": "no",
        "capacity:persons": "26",
        "fee": "no",
        "goods": "no",
        "highway": "elevator",
        "indoor": "yes",
        "level": "0",
        "maxweight": "2",
        "wheelchair": "yes"
      }
    },
    {
      "type": "node",
      "id": 12531410913,
      "lat": 45.5113172,
      "lon": 9.1871881,
      "tags": {
        "access": "yes",
        "bicycle": "no",
        "capacity:persons": "26",
        "fee": "no",
        "goods": "no",
        "highway": "elevator",
        "indoor": "yes",
        "level": "0",
        "maxweight": "2",
        "wheelchair": "yes"
      }
    },
    {
      "type": "way",
      "id": 341176425,
      "center": {
        "lat": 45.4761623,
        "lon": 9.1375212
      },
      "nodes": [
        3483892230,
        3483892229,
        3483892224,
        3483892228,
        3483892230
      ],
      "tags": {
        "building": "yes",
        "highway": "elevator"
      }
    },
    {
      "type": "way",
      "id": 341176429,
      "center": {
        "lat": 45.4762832,
        "lon": 9.1290876
      },
      "nodes": [
        3483891570,
        3483892244,
        3483892243,
        3483892242,
        3483891570
      ],
      "tags": {
        "building": "yes",
        "highway": "elevator"
      }
    },
    {
      "type": "way",
      "id": 533970867,
      "center": {
        "lat": 45.4776053,
        "lon": 9.2272437
      },
      "nodes": [
        5179618514,
        5179618511,
        5179618512,
        5179618513,
        5179618514
      ],
      "tags": {
        "highway": "elevator",
        "indoor": "room",
        "level": "0;1;2"
      }
    },
    {
      "type": "way",
      "id": 533970931,
      "center": {
        "lat": 45.4777288,
        "lon": 9.2277405
      },
      "nodes": [
        5179618746,
        5179618727,
        5179618728,
        5179618729,
        5179618726,
        5179618746
      ],
      "tags": {
        "highway": "elevator",
        "indoor": "room",
        "level": "0;1;2"
      }
    },
    {
      "type": "way",
      "id": 653643009,
      "center": {
        "lat": 45.519577,
        "lon": 9.1487523
      },
      "nodes": [
        6125593893,
        6125593892,
        6125593891,
        6125593890,
        6125593889,
        6125593888,
        6125593887,
        6125593782,
        6125593886,
        6125593893
      ],
      "tags": {
        "access": "yes",
        "highway": "elevator",
        "indoor": "wall",
        "level": "0-3",
        "wheelchair": "yes"
      }
    },
    {
      "type": "way",
      "id": 653643010,
      "center": {
        "lat": 45.5194382,
        "lon": 9.14878
      },
      "nodes": [
        6125593900,
        6125593898,
        6125593784,
        6125593899,
        6125593897,
        6125593896,
        6125593901,
        6125593895,
        6125593894,
        6125593900
      ],
      "tags": {
        "access": "yes",
        "highway": "elevator",
        "indoor": "wall",
        "level": "0-3",
        "wheelchair": "yes"
      }
    },
    {
      "type": "way",
      "id": 775763087,
      "center": {
        "lat": 45.4894352,
        "lon": 9.1939209
      },
      "nodes": [
        7237175158,
        7237175157,
        7237184821,
        7237184786,
        7237175158
      ],
      "tags": {
        "highway": "elevator",
        "indoor": "room",
        "level": "-1-2"
      }
    },
    {
      "type": "way",
      "id": 775763090,
      "center": {
        "lat": 45.4893223,
        "lon": 9.1938582
      },
      "nodes": [
        7237175170,
        7237175165,
        7237175164,
        7237175169,
        7237175170
      ],
      "tags": {
        "highway": "elevator",
        "indoor": "room",
        "level": "-1-2"
      }
    },
    {
      "type": "way",
      "id": 937798562,
      "center": {
        "lat": 45.4759223,
        "lon": 9.1696494
      },
      "nodes": [
        8688300786,
        8688300785,
        8688300784,
        8688300783,
        8688300786
      ],
      "tags": {
        "highway": "elevator"
      }
    },
    {
      "type": "way",
      "id": 1174566874,
      "center": {
        "lat": 45.519035,
        "lon": 9.2141799
      },
      "nodes": [
        10914285306,
        10914285305,
        3247911641,
        10914204403,
        10914285306
      ],
      "tags": {
        "highway": "elevator",
        "level": "0"
      }
    },
    {
      "type": "way",
      "id": 1378621422,
      "center": {
        "lat": 45.4544695,
        "lon": 9.1810716
      },
      "nodes": [
        12765835263,
        12765835273,
        12765835274,
        12765835275,
        12765835264,
        12765835272,
        12765835263
      ],
      "tags": {
        "highway": "elevator",
        "level": "0;1"
      }
    }
  ]
}