{
  "version": 0.6,
  "generator": "Overpass API 0.7.62.5 1bd436f1",
  "osm3s": {
    "timestamp_osm_base": "2025-04-19T08:57:54Z",
    "timestamp_areas_base": "2024-12-31T00:49:33Z",
    "copyright": "The data included in this document is from www.openstreetmap.org. The data is made available under ODbL."
  },
  "elements": [
    {
      "type": "node",
      "id": 260350381,
      "lat": 45.4953828,
      "lon": 9.2484458,
      "tags": {
        "amenity": "toilets",
        "check_date": "2023-08-31",
        "fee": "no",
        "wheelchair": "yes"
      }
    },
    {
      "type": "node",
      "id": 282314356,
      "lat": 45.4891294,
      "lon": 9.1906768,
      "tags": {
        "access": "yes",
        "amenity": "toilets",
        "changing_table": "no",
        "charge": "0.10 Eur",
        "check_date": "2024-10-10",
        "created_by": "JOSM",
        "fee": "yes",
        "opening_hours": "24/7",
        "wheelchair": "yes"
      }
    },
    {
      "type": "node",
      "id": 365464483,
      "lat": 45.5372556,
      "lon": 9.2099112,
      "tags": {
        "amenity": "toilets",
        "charge": "0.10",
        "check_date": "2021-08-29",
        "fee": "yes",
        "wheelchair": "yes"
      }
    },
    {
      "type": "node",
      "id": 1705281767,
      "lat": 45.5202241,
      "lon": 9.204898,
      "tags": {
        "amenity": "toilets",
        "description": "3 WC chimici",
        "fee": "no",
        "operator": "AMSA",
        "wheelchair": "yes"
      }
    },
    {
      "type": "node",
      "id": 1795852604,
      "lat": 45.4404225,
      "lon": 9.0661086,
      "tags": {
        "amenity": "toilets",
        "operator": "comune milano",
        "wheelchair": "yes"
      }
    },
    {
      "type": "node",
      "id": 2042409082,
      "lat": 45.4856742,
      "lon": 9.1799039,
      "tags": {
        "amenity": "toilets",
        "changing_table": "no",
        "check_date": "2024-03-22",
        "fee": "no",
        "wheelchair": "yes"
      }
    },
    {
      "type": "node",
      "id": 2148831823,
      "lat": 45.5062764,
      "lon": 9.2608363,
      "tags": {
        "amenity": "toilets",
        "fee": "no",
        "wheelchair": "yes"
      }
    },
    {
      "type": "node",
      "id": 2282914919,
      "lat": 45.3914889,
      "lon": 9.1892186,
      "tags": {
        "amenity": "toilets",
        "fee": "no",
        "wheelchair": "yes"
      }
    },
    {
      "type": "node",
      "id": 2498673942,
      "lat": 45.4785025,
      "lon": 9.2280047,
      "tags": {
        "amenity": "toilets",
        "fee": "no",
        "wheelchair": "yes"
      }
    },
    {
      "type": "node",
      "id": 2573561813,
      "lat": 45.4850412,
      "lon": 9.1873214,
      "tags": {
        "access": "yes",
        "amenity": "toilets",
        "charge": "1.00 EUR",
        "fee": "yes",
        "level": "-1",
        "opening_hours": "06:00-21:00",
        "operator": "Mast S.p.A.",
        "ref:vatin": "IT00890801004",
        "toilets:disposal": "flush",
        "toilets:handwashing": "yes",
        "unisex": "yes",
        "wheelchair": "yes"
      }
    },
    {
      "type": "node",
      "id": 2742686156,
      "lat": 45.4930568,
      "lon": 9.185748,
      "tags": {
        "amenity": "toilets",
        "check_date": "2024-03-20",
        "fee": "yes",
        "wheelchair": "yes"
      }
    },
    {
      "type": "node",
      "id": 2946697691,
      "lat": 45.4787192,
      "lon": 9.2364614,
      "tags": {
        "amenity": "toilets",
        "check_date": "2024-03-02",
        "fee": "yes",
        "wheelchair": "yes"
      }
    },
    {
      "type": "node",
      "id": 3027312488,
      "lat": 45.4862474,
      "lon": 9.2061099,
      "tags": {
        "access": "yes",
        "amenity": "toilets",
        "charge": "1 €",
        "check_date": "2024-04-14",
        "fee": "yes",
        "level": "2",
        "opening_hours": "Mo-Su 07:00-21:00",
        "toilets:disposal": "flush",
        "wheelchair": "yes"
      }
    },
    {
      "type": "node",
      "id": 3043825353,
      "lat": 45.4649799,
      "lon": 9.0952483,
      "tags": {
        "amenity": "toilets",
        "check_date": "2024-03-24",
        "fee": "yes",
        "wheelchair": "yes"
      }
    },
    {
      "type": "node",
      "id": 3263986618,
      "lat": 45.4863644,
      "lon": 9.2038261,
      "tags": {
        "access": "yes",
        "amenity": "toilets",
        "changing_table": "yes",
        "charge": "1 €",
        "check_date": "2024-04-14",
        "comment": "No change. There is a cash change machine nearby.",
        "comment:it": "Non accetta resto. Nelle vicinanze c'è un macchinetta che cambia monete e banconote.",
        "covered": "yes",
        "fee": "yes",
        "indoor": "yes",
        "layer": "1",
        "level": "1",
        "opening_hours": "Mo-Su 06:00-21:00",
        "payment:coins": "yes",
        "toilets:disposal": "flush",
        "wheelchair": "yes"
      }
    },
    {
      "type": "node",
      "id": 4162178514,
      "lat": 45.4899078,
      "lon": 9.1466392,
      "tags": {
        "amenity": "toilets",
        "check_date": "2023-07-06",
        "fee": "no",
        "fixme": "Position estimated",
        "wheelchair": "yes"
      }
    },
    {
      "type": "node",
      "id": 4552349377,
      "lat": 45.5186804,
      "lon": 9.0818052,
      "tags": {
        "access": "customers",
        "amenity": "toilets",
        "female": "yes",
        "male": "yes",
        "wheelchair": "yes"
      }
    },
    {
      "type": "node",
      "id": 4552349378,
      "lat": 45.518765,
      "lon": 9.0818588,
      "tags": {
        "access": "customers",
        "amenity": "toilets",
        "female": "yes",
        "male": "yes",
        "wheelchair": "yes"
      }
    },
    {
      "type": "node",
      "id": 4598826217,
      "lat": 45.4432295,
      "lon": 9.198074,
      "tags": {
        "access": "permissive",
        "amenity": "toilets",
        "fee": "no",
        "wheelchair": "yes"
      }
    },
    {
      "type": "node",
      "id": 4612299017,
      "lat": 45.4773592,
      "lon": 9.2296966,
      "tags": {
        "amenity": "toilets",
        "fee": "no",
        "toilets:wheelchair": "yes",
        "wheelchair": "yes"
      }
    },
    {
      "type": "node",
      "id": 4612299018,
      "lat": 45.4773592,
      "lon": 9.2297274,
      "tags": {
        "amenity": "toilets",
        "fee": "no",
        "female": "yes",
        "level": "1",
        "toilets:wheelchair": "yes",
        "wheelchair": "yes"
      }
    },
    {
      "type": "node",
      "id": 4612299019,
      "lat": 45.4773592,
      "lon": 9.2297113,
      "tags": {
        "amenity": "toilets",
        "fee": "no",
        "level": "1",
        "male": "yes",
        "toilets:wheelchair": "yes",
        "wheelchair": "yes"
      }
    },
    {
      "type": "node",
      "id": 4612318490,
      "lat": 45.4800199,
      "lon": 9.2290472,
      "tags": {
        "amenity": "toilets",
        "female": "yes",
        "floor": "1;2;4;5;6",
        "wheelchair": "yes"
      }
    },
    {
      "type": "node",
      "id": 4612318494,
      "lat": 45.4800199,
      "lon": 9.2288782,
      "tags": {
        "amenity": "toilets",
        "floor": "1;2;4;5;6",
        "male": "yes",
        "wheelchair": "yes"
      }
    },
    {
      "type": "node",
      "id": 4629375339,
      "lat": 45.5472586,
      "lon": 9.1871052,
      "tags": {
        "access": "yes",
        "amenity": "toilets",
        "fee": "no",
        "female": "yes",
        "indoor": "yes",
        "level": "0",
        "male": "yes",
        "wheelchair": "yes"
      }
    },
    {
      "type": "node",
      "id": 4788530423,
      "lat": 45.4638625,
      "lon": 9.190937,
      "tags": {
        "access": "yes",
        "amenity": "toilets",
        "charge": "1.00",
        "fee": "yes",
        "opening_hours": "10:00-18:00",
        "unisex": "yes",
        "wheelchair": "yes"
      }
    },
    {
      "type": "node",
      "id": 4799846983,
      "lat": 45.4897531,
      "lon": 9.1269383,
      "tags": {
        "amenity": "toilets",
        "fee": "yes",
        "unisex": "yes",
        "wheelchair": "yes"
      }
    },
    {
      "type": "node",
      "id": 5088849762,
      "lat": 45.5067558,
      "lon": 9.2591131,
      "tags": {
        "amenity": "toilets",
        "changing_table": "yes",
        "fee": "no",
        "female": "yes",
        "male": "yes",
        "toilets:disposal": "flush",
        "wheelchair": "yes"
      }
    },
    {
      "type": "node",
      "id": 5239949512,
      "lat": 45.4701978,
      "lon": 9.1787439,
      "tags": {
        "amenity": "toilets",
        "check_date": "2024-05-09",
        "fee": "no",
        "opening_hours": "09:00-17:15",
        "wheelchair": "yes"
      }
    },
    {
      "type": "node",
      "id": 5408572056,
      "lat": 45.4993141,
      "lon": 9.1781257,
      "tags": {
        "amenity": "toilets",
        "fee": "yes",
        "unisex": "yes",
        "wheelchair": "yes"
      }
    },
    {
      "type": "node",
      "id": 5583863835,
      "lat": 45.4630805,
      "lon": 9.1020173,
      "tags": {
        "amenity": "toilets",
        "fee": "no",
        "wheelchair": "yes"
      }
    },
    {
      "type": "node",
      "id": 5686052073,
      "lat": 45.4786647,
      "lon": 9.2329144,
      "tags": {
        "amenity": "toilets",
        "fee": "no",
        "female": "yes",
        "level": "-1",
        "male": "yes",
        "wheelchair": "yes"
      }
    },
    {
      "type": "node",
      "id": 5798204867,
      "lat": 45.4808989,
      "lon": 9.2255074,
      "tags": {
        "access": "yes",
        "amenity": "toilets",
        "fee": "0.20 EUR",
        "level": "-1",
        "unisex": "yes",
        "wheelchair": "yes"
      }
    },
    {
      "type": "node",
      "id": 6052630999,
      "lat": 45.5049522,
      "lon": 9.2201981,
      "tags": {
        "access": "yes",
        "amenity": "toilets",
        "fee": "no",
        "toilets:disposal": "chemical",
        "unisex": "yes",
        "wheelchair": "yes"
      }
    },
    {
      "type": "node",
      "id": 6349608379,
      "lat": 45.473854,
      "lon": 9.1033953,
      "tags": {
        "amenity": "toilets",
        "toilets:disposal": "chemical",
        "unisex": "yes",
        "wheelchair": "yes"
      }
    },
    {
      "type": "node",
      "id": 6349609922,
      "lat": 45.4756228,
      "lon": 9.0972673,
      "tags": {
        "amenity": "toilets",
        "toilets:disposal": "chemical",
        "unisex": "yes",
        "wheelchair": "yes"
      }
    },
    {
      "type": "node",
      "id": 6804188461,
      "lat": 45.4709406,
      "lon": 9.1899548,
      "tags": {
        "amenity": "toilets",
        "fee": "no",
        "female": "yes",
        "male": "yes",
        "wheelchair": "yes"
      }
    },
    {
      "type": "node",
      "id": 7598197239,
      "lat": 45.4895129,
      "lon": 9.1033262,
      "tags": {
        "access": "yes",
        "amenity": "toilets",
        "fee": "no",
        "toilets:disposal": "chemical",
        "unisex": "yes",
        "wheelchair": "yes"
      }
    },
    {
      "type": "node",
      "id": 8550853456,
      "lat": 45.4784545,
      "lon": 9.1541903,
      "tags": {
        "amenity": "toilets",
        "comment:it": "aperte solo durante orario apertura del centro commerciale",
        "fee": "no",
        "level": "0",
        "wheelchair": "yes"
      }
    },
    {
      "type": "node",
      "id": 8550853458,
      "lat": 45.47821,
      "lon": 9.1551612,
      "tags": {
        "amenity": "toilets",
        "comment:it": "aperte solo durante orario apertura del centro commerciale",
        "fee": "no",
        "level": "1",
        "wheelchair": "yes"
      }
    },
    {
      "type": "node",
      "id": 8887087530,
      "lat": 45.445072,
      "lon": 9.0735253,
      "tags": {
        "access": "yes",
        "amenity": "toilets",
        "changing_table": "yes",
        "toilets:disposal": "flush",
        "wheelchair": "yes"
      }
    },
    {
      "type": "node",
      "id": 8887087541,
      "lat": 45.4458926,
      "lon": 9.0751169,
      "tags": {
        "access": "yes",
        "amenity": "toilets",
        "changing_table": "yes",
        "fee": "no",
        "toilets:disposal": "flush",
        "wheelchair": "yes"
      }
    },
    {
      "type": "node",
      "id": 9386630988,
      "lat": 45.4749069,
      "lon": 9.1014643,
      "tags": {
        "amenity": "toilets",
        "fee": "no",
        "name": "Public Restroom",
        "wheelchair": "yes"
      }
    },
    {
      "type": "node",
      "id": 9420885570,
      "lat": 45.4476449,
      "lon": 9.1377438,
      "tags": {
        "amenity": "toilets",
        "fee": "yes",
        "wheelchair": "yes"
      }
    },
    {
      "type": "node",
      "id": 10012855217,
      "lat": 45.5248718,
      "lon": 9.1900696,
      "tags": {
        "access": "yes",
        "amenity": "toilets",
        "changing_table": "yes",
        "charge": "0.1 EUR Cash",
        "fee": "yes",
        "survey:date": "2022-09-10",
        "unisex": "yes",
        "wheelchair": "yes"
      }
    },
    {
      "type": "node",
      "id": 10015990117,
      "lat": 45.5157787,
      "lon": 9.1807493,
      "tags": {
        "access": "yes",
        "amenity": "toilets",
        "charge": "0.1 EUR",
        "fee": "yes",
        "unisex": "yes",
        "wheelchair": "yes"
      }
    },
    {
      "type": "node",
      "id": 10033363917,
      "lat": 45.5029961,
      "lon": 9.2306769,
      "tags": {
        "access": "yes",
        "amenity": "toilets",
        "changing_table": "no",
        "fee": "no",
        "unisex": "yes",
        "wheelchair": "yes"
      }
    },
    {
      "type": "node",
      "id": 10036283117,
      "lat": 45.5113177,
      "lon": 9.2027108,
      "tags": {
        "access": "yes",
        "amenity": "toilets",
        "changing_table": "yes",
        "fee": "yes",
        "unisex": "yes",
        "wheelchair": "yes"
      }
    },
    {
      "type": "node",
      "id": 10036294918,
      "lat": 45.4550725,
      "lon": 9.1321107,
      "tags": {
        "access": "yes",
        "amenity": "toilets",
        "changing_table": "yes",
        "fee": "yes",
        "unisex": "yes",
        "wheelchair": "yes"
      }
    },
    {
      "type": "node",
      "id": 10036315017,
      "lat": 45.4573367,
      "lon": 9.2196232,
      "tags": {
        "access": "yes",
        "amenity": "toilets",
        "changing_table": "yes",
        "fee": "yes",
        "unisex": "yes",
        "wheelchair": "yes"
      }
    },
    {
      "type": "node",
      "id": 10036320517,
      "lat": 45.4535444,
      "lon": 9.2284949,
      "tags": {
        "access": "yes",
        "amenity": "toilets",
        "changing_table": "yes",
        "fee": "yes",
        "unisex": "yes",
        "wheelchair": "yes"
      }
    },
    {
      "type": "node",
      "id": 10036320518,
      "lat": 45.4526373,
      "lon": 9.2270609,
      "tags": {
        "access": "permissive",
        "amenity": "toilets",
        "changing_table": "yes",
        "fee": "yes",
        "unisex": "yes",
        "wheelchair": "yes"
      }
    },
    {
      "type": "node",
      "id": 10036323917,
      "lat": 45.4559244,
      "lon": 9.241264,
      "tags": {
        "access": "yes",
        "amenity": "toilets",
        "changing_table": "yes",
        "fee": "yes",
        "unisex": "yes",
        "wheelchair": "yes"
      }
    },
    {
      "type": "node",
      "id": 10036330117,
      "lat": 45.457775,
      "lon": 9.2424474,
      "tags": {
        "access": "yes",
        "amenity": "toilets",
        "changing_table": "yes",
        "fee": "yes",
        "unisex": "yes",
        "wheelchair": "yes"
      }
    },
    {
      "type": "node",
      "id": 10036335517,
      "lat": 45.4860253,
      "lon": 9.240843,
      "tags": {
        "access": "yes",
        "amenity": "toilets",
        "changing_table": "no",
        "fee": "yes",
        "unisex": "yes",
        "wheelchair": "yes"
      }
    },
    {
      "type": "node",
      "id": 10036340617,
      "lat": 45.4757732,
      "lon": 9.1374212,
      "tags": {
        "access": "yes",
        "amenity": "toilets",
        "changing_table": "yes",
        "fee": "yes",
        "unisex": "yes",
        "wheelchair": "yes"
      }
    },
    {
      "type": "node",
      "id": 10036346017,
      "lat": 45.4777079,
      "lon": 9.1611112,
      "tags": {
        "access": "yes",
        "amenity": "toilets",
        "changing_table": "yes",
        "fee": "yes",
        "unisex": "yes",
        "wheelchair": "yes"
      }
    },
    {
      "type": "node",
      "id": 10036348717,
      "lat": 45.4799415,
      "lon": 9.1671283,
      "tags": {
        "access": "yes",
        "amenity": "toilets",
        "changing_table": "yes",
        "fee": "yes",
        "unisex": "yes",
        "wheelchair": "yes"
      }
    },
    {
      "type": "node",
      "id": 10036352717,
      "lat": 45.4872966,
      "lon": 9.156711,
      "tags": {
        "access": "yes",
        "amenity": "toilets",
        "changing_table": "no",
        "fee": "yes",
        "unisex": "yes",
        "wheelchair": "yes"
      }
    },
    {
      "type": "node",
      "id": 10036406217,
      "lat": 45.4335921,
      "lon": 9.2312187,
      "tags": {
        "access": "yes",
        "amenity": "toilets",
        "fee": "yes",
        "unisex": "yes",
        "wheelchair": "yes"
      }
    },
    {
      "type": "node",
      "id": 10036406218,
      "lat": 45.4336151,
      "lon": 9.2316905,
      "tags": {
        "access": "yes",
        "amenity": "toilets",
        "fee": "yes",
        "unisex": "yes",
        "wheelchair": "yes"
      }
    },
    {
      "type": "node",
      "id": 10537453114,
      "lat": 45.4777074,
      "lon": 9.2470904,
      "tags": {
        "access": "customers",
        "amenity": "toilets",
        "female": "yes",
        "male": "yes",
        "operator": "Esselunga",
        "wheelchair": "yes"
      }
    },
    {
      "type": "node",
      "id": 10699261552,
      "lat": 45.4802058,
      "lon": 9.2276771,
      "tags": {
        "amenity": "toilets",
        "female": "yes",
        "wheelchair": "yes"
      }
    },
    {
      "type": "node",
      "id": 10699261553,
      "lat": 45.4795311,
      "lon": 9.2290966,
      "tags": {
        "amenity": "toilets",
        "fee": "no",
        "female": "yes",
        "wheelchair": "yes"
      }
    },
    {
      "type": "node",
      "id": 11019780945,
      "lat": 45.4286916,
      "lon": 9.2546033,
      "tags": {
        "access": "yes",
        "amenity": "toilets",
        "fee": "yes",
        "payment:cash": "yes",
        "payment:credit_cards": "yes",
        "payment:debit_cards": "yes",
        "unisex": "yes",
        "wheelchair": "yes"
      }
    },
    {
      "type": "node",
      "id": 11730107901,
      "lat": 45.475803,
      "lon": 9.2349521,
      "tags": {
        "access": "yes",
        "amenity": "toilets",
        "changing_table": "no",
        "fee": "no",
        "female": "yes",
        "male": "yes",
        "survey:date": "2024-03-14",
        "toilets:disposal": "flush",
        "wheelchair": "yes"
      }
    },
    {
      "type": "node",
      "id": 11730837534,
      "lat": 45.4774472,
      "lon": 9.2351702,
      "tags": {
        "access": "yes",
        "amenity": "toilets",
        "changing_table": "no",
        "fee": "no",
        "female": "yes",
        "male": "yes",
        "survey:date": "2024-03-14",
        "toilets:disposal": "flush",
        "wheelchair": "yes"
      }
    },
    {
      "type": "node",
      "id": 11753167454,
      "lat": 45.4857902,
      "lon": 9.1049711,
      "tags": {
        "access": "yes",
        "amenity": "toilets",
        "toilets:disposal": "chemical",
        "unisex": "yes",
        "wheelchair": "yes"
      }
    },
    {
      "type": "node",
      "id": 11753167455,
      "lat": 45.482051,
      "lon": 9.1076506,
      "tags": {
        "access": "yes",
        "amenity": "toilets",
        "toilets:disposal": "chemical",
        "unisex": "yes",
        "wheelchair": "yes"
      }
    },
    {
      "type": "node",
      "id": 11879012869,
      "lat": 45.4876133,
      "lon": 9.191263,
      "tags": {
        "access": "yes",
        "amenity": "toilets",
        "changing_table": "yes",
        "charge": "0.20 coins",
        "fee": "yes",
        "unisex": "yes",
        "wheelchair": "yes"
      }
    },
    {
      "type": "node",
      "id": 11879033569,
      "lat": 45.4865322,
      "lon": 9.1911644,
      "tags": {
        "access": "permissive",
        "amenity": "toilets",
        "changing_table": "yes",
        "fee": "no",
        "unisex": "yes",
        "wheelchair": "yes"
      }
    },
    {
      "type": "node",
      "id": 11891071470,
      "lat": 45.5145032,
      "lon": 9.1655379,
      "tags": {
        "access": "yes",
        "amenity": "toilets",
        "charge": "0.1 cash",
        "fee": "yes",
        "unisex": "yes",
        "wheelchair": "yes"
      }
    },
    {
      "type": "node",
      "id": 11897089069,
      "lat": 45.5376903,
      "lon": 9.2098595,
      "tags": {
        "access": "yes",
        "amenity": "toilets",
        "fee": "no",
        "unisex": "yes",
        "wheelchair": "yes"
      }
    },
    {
      "type": "node",
      "id": 12017243271,
      "lat": 45.5128428,
      "lon": 9.178309,
      "tags": {
        "access": "yes",
        "amenity": "toilets",
        "charge": "0.1€ cash",
        "fee": "yes",
        "unisex": "yes",
        "wheelchair": "yes"
      }
    },
    {
      "type": "node",
      "id": 12018167869,
      "lat": 45.5109511,
      "lon": 9.1882001,
      "tags": {
        "access": "yes",
        "amenity": "toilets",
        "fee": "no",
        "unisex": "yes",
        "wheelchair": "yes"
      }
    },
    {
      "type": "node",
      "id": 12145964701,
      "lat": 45.5055656,
      "lon": 9.1798462,
      "tags": {
        "access": "yes",
        "amenity": "toilets",
        "charge": "0.2€ cash",
        "fee": "yes",
        "indoor": "yes",
        "toilets:disposal": "flush",
        "unisex": "yes",
        "wheelchair": "yes"
      }
    },
    {
      "type": "node",
      "id": 12149734931,
      "lat": 45.4785599,
      "lon": 9.2275629,
      "tags": {
        "amenity": "toilets",
        "fee": "no",
        "wheelchair": "yes"
      }
    },
    {
      "type": "node",
      "id": 12149734932,
      "lat": 45.478951,
      "lon": 9.227576,
      "tags": {
        "amenity": "toilets",
        "fee": "no",
        "wheelchair": "yes"
      }
    },
    {
      "type": "node",
      "id": 12178210601,
      "lat": 45.4852951,
      "lon": 9.1866699,
      "tags": {
        "access": "yes",
        "amenity": "toilets",
        "changing_table": "yes",
        "charge": "1€",
        "fee": "yes",
        "indoor": "yes",
        "toilets:disposal": "flush",
        "unisex": "yes",
        "wheelchair": "yes"
      }
    },
    {
      "type": "node",
      "id": 12420316579,
      "lat": 45.5138823,
      "lon": 9.0697578,
      "tags": {
        "access": "yes",
        "amenity": "toilets",
        "toilets:disposal": "flush",
        "wheelchair": "yes"
      }
    },
    {
      "type": "node",
      "id": 12420384410,
      "lat": 45.5091895,
      "lon": 9.0388121,
      "tags": {
        "access": "yes",
        "amenity": "toilets",
        "toilets:disposal": "flush",
        "wheelchair": "yes"
      }
    },
    {
      "type": "way",
      "id": 337555666,
      "center": {
        "lat": 45.4881301,
        "lon": 9.1792137
      },
      "nodes": [
        3446269457,
        3446269463,
        3446269456,
        3446269452,
        3446269457
      ],
      "tags": {
        "access": "yes",
        "amenity": "toilets",
        "building": "yes",
        "drinking_water": "yes",
        "fee": "no",
        "wheelchair": "yes"
      }
    },
    {
      "type": "way",
      "id": 339887714,
      "center": {
        "lat": 45.5173766,
        "lon": 9.1148499
      },
      "nodes": [
        3470947930,
        3470947929,
        3470947924,
        3470947925,
        3470947930
      ],
      "tags": {
        "amenity": "toilets",
        "building": "yes",
        "drinking_water": "yes",
        "wheelchair": "yes"
      }
    },
    {
      "type": "way",
      "id": 533970942,
      "center": {
        "lat": 45.4772401,
        "lon": 9.2276836
      },
      "nodes": [
        730760181,
        5179618755,
        5179618749,
        259621785,
        5179618759,
        5179618751,
        5180413466,
        5179618758,
        5179618706,
        5179618756,
        5179618757,
        730760181
      ],
      "tags": {
        "amenity": "toilets",
        "capacity": "3",
        "fee": "no",
        "female": "no",
        "indoor": "room",
        "level": "0",
        "male": "yes",
        "room": "toilets",
        "toilets:disposal": "flush",
        "wheelchair": "yes"
      }
    },
    {
      "type": "way",
      "id": 604055833,
      "center": {
        "lat": 45.4767336,
        "lon": 9.2314047
      },
      "nodes": [
        5732656173,
        5732656184,
        5732656174,
        5734915209,
        5732656206,
        5732656208,
        5732656173
      ],
      "tags": {
        "amenity": "toilets",
        "area": "yes",
        "changing_table": "no",
        "fee": "no",
        "indoor": "room",
        "level": "0",
        "unisex": "yes",
        "wheelchair": "yes"
      }
    },
    {
      "type": "way",
      "id": 653403213,
      "center": {
        "lat": 45.5203999,
        "lon": 9.1488828
      },
      "nodes": [
        6123636830,
        6123636829,
        276922980,
        276923002,
        276923004,
        6123636828,
        6123636797,
        6123636830
      ],
      "tags": {
        "access": "yes",
        "amenity": "toilets",
        "changing_table:location": "room",
        "fee": "no",
        "female": "yes",
        "indoor": "room",
        "layer": "0",
        "level": "0",
        "male": "yes",
        "toilets:disposal": "flush",
        "toilets:position": "seated;urinal",
        "wheelchair": "yes"
      }
    },
    {
      "type": "way",
      "id": 739042504,
      "center": {
        "lat": 45.4765879,
        "lon": 9.2267615
      },
      "nodes": [
        1492414286,
        6919811659,
        6919811660,
        6919811662,
        1492416547,
        286306939,
        1492414286
      ],
      "tags": {
        "access": "permissive",
        "amenity": "toilets",
        "building": "yes",
        "changing_table": "no",
        "fee": "no",
        "female": "yes",
        "male": "yes",
        "supervised": "no",
        "toilets:disposal": "flush",
        "toilets:position": "seated",
        "wheelchair": "yes"
      }
    },
    {
      "type": "way",
      "id": 800748667,
      "center": {
        "lat": 45.4736064,
        "lon": 9.2883085
      },
      "nodes": [
        7489589181,
        7489589182,
        7489589183,
        7489589184,
        7489589181
      ],
      "tags": {
        "amenity": "toilets",
        "building": "yes",
        "changing_table": "no",
        "fee": "no",
        "name": "Toilette 2",
        "unisex": "yes",
        "wheelchair": "yes"
      }
    },
    {
      "type": "way",
      "id": 800748870,
      "center": {
        "lat": 45.4710248,
        "lon": 9.2880359
      },
      "nodes": [
        7489639484,
        7489663885,
        7489663886,
        7489663887,
        7489639484
      ],
      "tags": {
        "access": "yes",
        "amenity": "toilets",
        "building": "yes",
        "changing_table": "no",
        "fee": "no",
        "name": "Toilette 1",
        "unisex": "yes",
        "wheelchair": "yes"
      }
    },
    {
      "type": "way",
      "id": 800749271,
      "center": {
        "lat": 45.4521663,
        "lon": 9.286974
      },
      "nodes": [
        7489639571,
        7489639572,
        7489639573,
        7489639574,
        1578663576,
        7489639571
      ],
      "tags": {
        "access": "yes",
        "amenity": "toilets",
        "building": "yes",
        "changing_table": "no",
        "name": "Toilette 7",
        "unisex": "yes",
        "wheelchair": "yes"
      }
    }
  ]
}